id,mid,url
0,3471749536350083,http://ww1.sinaimg.cn/large/623cff04jw1dv9a1dccbtj.jpg
1,3471749360178230,http://ww1.sinaimg.cn/large/97bc878btw1dv9a0mql54j.jpg
2,3471749234340963,http://ww1.sinaimg.cn/large/944e1756jw1dv9a04ag0uj.jpg
3,3471749208916743,http://ww2.sinaimg.cn/large/a0c0ea2fjw1dv9a00jy4kj.jpg
4,3471749175616930,http://ww1.sinaimg.cn/large/5ce2d437jw1dv99y00wq6j.jpg
5,3471469101098808,http://ww4.sinaimg.cn/large/accdc7afjw1dv8dtwcf9cj.jpg
6,3471469088796655,http://ww3.sinaimg.cn/large/88902d39jw1dv8dtundxgj.jpg
7,3471469063912711,http://ww4.sinaimg.cn/large/9fd6f228jw1dv8dtr8k16j.jpg
8,3471469030348839,http://ww4.sinaimg.cn/large/678a2dafgw1dv8dtkf6vsj.jpg
9,3471468820576130,http://ww4.sinaimg.cn/large/a8d80a49jw1dv8dsqubhsj.jpg
10,3471468803794518,http://ww4.sinaimg.cn/large/60b2ae11jw1dv8dsoesuhj.jpg